T2,T3,T4,T5,T6,T7,T8
0.145501336,0.107810851,0.115853786,0.342094359,0.194156285,0.188978908,0.235800743
0.099443738,0.08873702,0.138922985,0.347062351,0.262311268,0.260687441,0.277844468
0.094685648,0.077431599,0.150886818,0.352895967,0.289710012,0.28927776,0.296465144
0.098824554,0.07466494,0.156594864,0.356561989,0.301733644,0.301755853,0.305131981
0.103399757,0.076037701,0.160275543,0.359579831,0.307928308,0.308114939,0.310103047
0.107323496,0.078948239,0.163544737,0.362359024,0.312002848,0.312248562,0.313728575
0.110876444,0.082365857,0.166813252,0.365025341,0.315293011,0.315560362,0.316845273
0.114312579,0.085957596,0.170135009,0.367640065,0.318278481,0.318553363,0.319760828
0.117736503,0.089626662,0.173498661,0.37023854,0.321143361,0.321419961,0.322598676
0.121178508,0.093343758,0.176893541,0.372839638,0.323965478,0.324241228,0.325412717
0.13096703,0.098819419,0.181591249,0.333744321,0.324340371,0.327053069,0.308117464
0.142364238,0.10756045,0.186207397,0.328592988,0.297053411,0.298538797,0.289867882
0.149509608,0.115908769,0.189196706,0.323687956,0.283127956,0.284127642,0.279534856
0.154350243,0.122879933,0.19215731,0.321765642,0.276048137,0.276765573,0.27453739
0.158236686,0.128625772,0.195312164,0.321715362,0.273034054,0.273583869,0.272753973
0.161804117,0.13354287,0.198604342,0.322757405,0.272421521,0.272872188,0.272862873
0.165292411,0.137965338,0.201967801,0.324439829,0.273217452,0.273609322,0.274081675
0.16877673,0.142113024,0.205368111,0.326503511,0.274841309,0.275197582,0.275954821
0.172275815,0.146115994,0.208793055,0.328798336,0.276956088,0.277290357,0.27821839
0.175793265,0.150048124,0.212240013,0.331236715,0.279366286,0.279686455,0.28071893
0.178300293,0.153695844,0.215556339,0.339911244,0.282317481,0.282268742,0.286329097
0.180627463,0.15683732,0.218926391,0.343576902,0.289448947,0.289577705,0.292137736
0.183677094,0.160063449,0.22253967,0.347241903,0.294630164,0.294825945,0.296806616
0.1871031,0.163529097,0.226165847,0.350517268,0.298846753,0.299078979,0.300737394
0.190687949,0.167203814,0.229783101,0.353564623,0.302515976,0.302767713,0.304246243
0.194336979,0.171023666,0.233405205,0.356491742,0.305881055,0.306142597,0.307523621
0.198017816,0.174938216,0.237043214,0.359358525,0.309082389,0.309348105,0.31067819
0.201721371,0.178915759,0.24070217,0.362198345,0.312199138,0.312465939,0.313771317
0.205445942,0.182938087,0.244383528,0.365029786,0.315275795,0.3155419,0.31683718
0.209190959,0.186995365,0.248087192,0.367863121,0.318337124,0.3186016,0.319895107
0.217165852,0.190401787,0.247510937,0.393437173,0.322726655,0.321659492,0.333916439
0.222808843,0.193543054,0.246284044,0.400070611,0.342248392,0.341877138,0.348293308
0.225762296,0.196506016,0.248703693,0.40638036,0.35391812,0.353818033,0.357937811
0.228772358,0.199577174,0.252345484,0.411074069,0.361724221,0.36177622,0.364601073
0.232230171,0.202965808,0.256292761,0.414866812,0.367334416,0.36746982,0.369577796
0.235990145,0.206679869,0.260263702,0.418214173,0.371743757,0.371922085,0.37365346
0.239890976,0.210640461,0.264206421,0.421355165,0.375530346,0.375729052,0.377272781
0.243844818,0.214761359,0.268131587,0.424407402,0.379010432,0.379217692,0.380673358
0.247817592,0.2189802,0.272056075,0.427426119,0.382348705,0.38255856,0.383976036
0.251800779,0.223258894,0.275991036,0.430436966,0.385627077,0.385836579,0.387240213
0.254942988,0.226121402,0.276891203,0.468784855,0.39095113,0.389092679,0.407530142
0.25582202,0.227115264,0.278064273,0.474324658,0.419222844,0.418623526,0.426529062
0.257758614,0.22858963,0.282616414,0.479405453,0.432733001,0.432584999,0.436698266
0.261196359,0.231199958,0.28743816,0.483077741,0.440196045,0.440243792,0.442703491
0.26532949,0.234741992,0.291967801,0.486299183,0.445065494,0.445190046,0.446991534
0.269640018,0.238843009,0.296265952,0.489427277,0.448929828,0.449079973,0.450650533
0.273938808,0.243224459,0.300460335,0.49256142,0.452453622,0.4526097,0.454113339
0.278195,0.247731476,0.304628823,0.495717643,0.455884577,0.45603997,0.457531753
0.282424687,0.252292905,0.308804101,0.498892593,0.459303033,0.459455863,0.460951187
0.286647558,0.256881331,0.312996155,0.502081972,0.462730293,0.46288024,0.464382408
0.307183907,0.259162673,0.309178734,0.517249008,0.466870236,0.466317502,0.47359571
0.330945769,0.262379908,0.301949753,0.520773589,0.478608434,0.478502799,0.482032489
0.344411057,0.267204191,0.299843833,0.524962016,0.485323421,0.485339298,0.487831935
0.35277539,0.272305977,0.300585633,0.528854008,0.490429172,0.490493815,0.492558487
0.358705584,0.277276545,0.302939724,0.532487311,0.494827665,0.494916934,0.496755858
0.363541676,0.282062948,0.306184382,0.535924886,0.498833656,0.498937429,0.500636273
0.367929069,0.28671625,0.309901138,0.539232314,0.502592181,0.502704488,0.504313815
0.372159892,0.291297352,0.31385724,0.542463665,0.506193957,0.506310576,0.507865643
0.3763555,0.2958502,0.317929816,0.54565727,0.509702579,0.509820663,0.511346206
0.380559439,0.300400538,0.322058543,0.54883703,0.513162305,0.513279842,0.514791962
0.367900481,0.309675332,0.334764369,0.51581886,0.514484141,0.51671679,0.500772516
0.356740023,0.317988702,0.350716405,0.514089215,0.492119534,0.493192214,0.486931505
0.357064903,0.324082885,0.359881009,0.512029323,0.482516712,0.483172754,0.480398515
0.360951156,0.32976772,0.365898421,0.51230244,0.478724699,0.479149038,0.478305368
0.36559887,0.33529727,0.370638024,0.514022757,0.478230082,0.47852016,0.478787169
0.370220268,0.340644121,0.374960032,0.516541294,0.479624789,0.479838171,0.480730166
0.374701566,0.345803877,0.379202904,0.519476064,0.48207272,0.482243461,0.483475142
0.379094072,0.350813998,0.383472349,0.522618514,0.485087196,0.485234498,0.486644012
0.383455717,0.355725131,0.387785823,0.525861816,0.48839544,0.488529722,0.490029739
0.387819824,0.360581224,0.392135373,0.52915467,0.49185218,0.491978846,0.493524524
0.38900821,0.363360021,0.393524126,0.579309993,0.498122467,0.495505195,0.519656799
0.387628417,0.363307911,0.395660982,0.584394868,0.534607248,0.533742362,0.54325027
0.38899723,0.364095844,0.401760244,0.589042378,0.550328953,0.550067487,0.554517433
0.392733727,0.366587929,0.407707054,0.592447014,0.558169957,0.55814218,0.560623544
0.397434831,0.370380679,0.412972289,0.595665832,0.563033117,0.563081913,0.564906794
0.402321282,0.374904648,0.417797622,0.598972677,0.5669513,0.56701772,0.568677287
0.407134844,0.379764926,0.422436949,0.602378334,0.570656055,0.570721852,0.572367322
0.411849768,0.384755585,0.427027009,0.605843307,0.574358531,0.574420013,0.576082814
0.416502783,0.389789774,0.431621143,0.609337574,0.578095359,0.578152583,0.579831307
0.421130239,0.394838193,0.436232539,0.612845687,0.581859308,0.581912964,0.583601956
0.412026975,0.406131477,0.456422792,0.497339003,0.578679828,0.585690629,0.529998782
0.416625844,0.419739796,0.482679141,0.458027625,0.493668396,0.498292918,0.462721483
0.431447638,0.434415853,0.498770828,0.412154441,0.428943032,0.432735757,0.404356322
0.445451553,0.449625779,0.51034228,0.373039375,0.376007354,0.379218556,0.355906578
0.457126026,0.463979129,0.519959199,0.340879834,0.332509181,0.335243639,0.316086507
0.467017635,0.476926129,0.528525437,0.314638655,0.296874808,0.299212297,0.283512149
0.475708173,0.488464477,0.536335619,0.293326484,0.267791284,0.26979827,0.256973109
0.483543535,0.498779175,0.543518729,0.276111069,0.244155388,0.245887334,0.235452042
0.490717967,0.508076781,0.550169225,0.262302039,0.225048086,0.22655098,0.218102654
0.497356233,0.516537273,0.55637245,0.251326054,0.209706069,0.211018138,0.204222279
0.502238519,0.519260821,0.525695562,0.554927075,0.215753574,0.198648538,0.343765228
0.47609553,0.502783924,0.498619151,0.58696762,0.431310544,0.424435595,0.484053822
0.459752328,0.484297119,0.503709046,0.614119747,0.528073458,0.525001789,0.552749416
0.45815273,0.474541403,0.511754502,0.626995019,0.573332271,0.572028628,0.584958887
0.462284915,0.47237349,0.518309376,0.634232477,0.594883652,0.594353505,0.600792159
0.467618739,0.474468993,0.523808332,0.639376232,0.606176914,0.605968688,0.609694474
0.472899742,0.478530666,0.528907925,0.643716812,0.613209644,0.613131528,0.615747628
0.477995396,0.483408524,0.53390472,0.647731226,0.618500838,0.618474434,0.620637451
0.482986165,0.488610763,0.538888713,0.651608207,0.623079271,0.623072585,0.625049088
0.487936798,0.49394401,0.543878331,0.655427328,0.627363228,0.62736325,0.629262881
0.492252816,0.498103834,0.546176561,0.689437989,0.633292424,0.631526804,0.647963229
0.494288427,0.500525393,0.549098179,0.693730913,0.658570572,0.657971555,0.664654658
0.497797168,0.503648662,0.554795168,0.697915988,0.669915481,0.669700336,0.673157516
0.502652949,0.508016927,0.560343003,0.701687744,0.676353995,0.676270515,0.678608812
0.507826795,0.513129595,0.565598151,0.705472763,0.681143418,0.681097435,0.683102634
0.51297262,0.51855053,0.570735567,0.70930675,0.685457876,0.685419367,0.687340785
0.518060323,0.524071919,0.575848737,0.713164785,0.689656463,0.689617331,0.691522049
0.523120195,0.52962156,0.580964623,0.717031418,0.693832567,0.693791097,0.695694042
0.528173063,0.535179782,0.586086909,0.72090184,0.698006469,0.697962193,0.699866507
0.533227066,0.540743235,0.59121482,0.724775615,0.702182416,0.702135332,0.704041643
0.563945068,0.548692251,0.596446112,0.607260777,0.699262351,0.706311298,0.649690389
0.607141224,0.56470455,0.60064961,0.568061619,0.612942447,0.617524008,0.581698953
0.637177093,0.584168894,0.602905364,0.52284616,0.547974333,0.551669731,0.523486535
0.658071832,0.604016008,0.604958041,0.484939354,0.495620845,0.498693027,0.475918286
0.672877534,0.622689699,0.607450038,0.454400662,0.453332252,0.455896125,0.437531124
0.683762715,0.639543715,0.610529539,0.430055928,0.419368588,0.421512827,0.406782298
0.692195583,0.654442025,0.614132731,0.410787835,0.392265262,0.394064936,0.382315897
0.699130331,0.667509151,0.618127529,0.395657671,0.370782979,0.372300668,0.362987134
0.705165222,0.678978856,0.622380099,0.383894761,0.353888484,0.355176031,0.347847178
0.710663379,0.689112738,0.626781243,0.374871475,0.340731052,0.341830944,0.336117936
0.724886152,0.689582149,0.601958064,0.608054623,0.344649392,0.331562682,0.442870534
0.734609263,0.67960104,0.567323618,0.645696693,0.511384293,0.505416085,0.557145181
0.736216056,0.669665764,0.559583262,0.682076361,0.598986569,0.595732557,0.624622758
0.73675525,0.662000738,0.563093935,0.702688251,0.648319606,0.646586397,0.662678426
0.73851142,0.657229403,0.570590485,0.71411195,0.675890193,0.67501276,0.68390375
0.741801113,0.655192079,0.578796733,0.720748813,0.691315459,0.690901639,0.695888743
0.746265561,0.655408054,0.58644942,0.725082398,0.700239007,0.700062903,0.703043627
0.751430508,0.657329438,0.593234718,0.728439815,0.705879939,0.705815895,0.70784325
0.756911626,0.660462543,0.59923157,0.731485639,0.710004475,0.709985891,0.711617514
0.762457304,0.664412879,0.604639947,0.734520679,0.713533142,0.713526931,0.715038834
0.721237501,0.671717319,0.622133382,0.787537756,0.719828113,0.716902523,0.74246754
0.677785758,0.669688784,0.646307183,0.792257844,0.75834757,0.757312203,0.76708637
0.666080046,0.666238414,0.664108433,0.795118141,0.773905215,0.773574402,0.777457031
0.66737843,0.66636984,0.675533639,0.797185757,0.780438533,0.780349939,0.782200083
0.672761668,0.669529105,0.683188848,0.7998375,0.784126152,0.784082666,0.785542517
0.678838399,0.674339366,0.68911471,0.803131957,0.787435653,0.787375926,0.788951737
0.684670713,0.679841292,0.694417767,0.806822682,0.791042617,0.790959232,0.792712644
0.69018004,0.685558565,0.699571087,0.81070112,0.794972827,0.794872335,0.796746194
0.695486602,0.691307857,0.70473042,0.814650096,0.799103652,0.798993152,0.800928559
0.700699259,0.697039989,0.709924471,0.81861831,0.803331324,0.803215155,0.805176295
0.726346787,0.70187934,0.710795933,0.777206379,0.804943468,0.807477381,0.787566049
0.761178799,0.710030728,0.707328706,0.7728897,0.776234287,0.777408787,0.768859416
0.78467201,0.720445461,0.703294729,0.769868506,0.762854152,0.763457527,0.759689014
0.800327966,0.730843661,0.700682477,0.770559897,0.75760926,0.757872812,0.756934609
0.810945065,0.740326269,0.699966183,0.773357526,0.757205516,0.757273237,0.757951796
0.818536009,0.74870033,0.700995916,0.777159451,0.75951242,0.759475919,0.761002888
0.824441591,0.756087853,0.703403152,0.781343943,0.763200195,0.76311406,0.765032038
0.829497109,0.762714649,0.706797256,0.785595768,0.7674928,0.767387127,0.769444774
0.8341878,0.768807576,0.710848108,0.789777783,0.77197407,0.771863824,0.773936239
0.838772658,0.774553521,0.715308215,0.793848306,0.776444963,0.776336435,0.778371919
0.772749333,0.777232701,0.738949403,0.880524373,0.785665817,0.78072373,0.822588697
0.725794907,0.763521417,0.766854798,0.878288864,0.845850639,0.84445585,0.856749101
0.723555962,0.75735566,0.782681536,0.878751298,0.864178676,0.863793381,0.867663949
0.730614338,0.759286043,0.79102472,0.881247682,0.870710265,0.870540793,0.872598401
0.737689564,0.764513186,0.796974827,0.885007779,0.875001769,0.874842928,0.876790037
0.743831802,0.770582256,0.802496089,0.889188336,0.87928211,0.879107511,0.881163645
0.749508302,0.776746338,0.808042566,0.893449634,0.883754418,0.883569752,0.885685439
0.755045649,0.78287568,0.813642381,0.897708163,0.888313984,0.888124538,0.890257047
0.760558574,0.788978234,0.819264696,0.901956781,0.892894303,0.892701792,0.894836355
0.766072066,0.795070325,0.824891472,0.906199861,0.897474779,0.897279518,0.899413306
0.76991061,0.804728308,0.838363149,0.831439367,0.897432487,0.901854258,0.865896718
0.780572199,0.817843567,0.853167525,0.817159742,0.844372605,0.846671258,0.828500422
0.791296455,0.83062733,0.861574328,0.802490554,0.813527105,0.814984945,0.803907836
0.799334394,0.84166069,0.868045411,0.793761154,0.794711212,0.7956427,0.789004538
0.805604046,0.850768271,0.873817851,0.789255741,0.783722094,0.784309549,0.780565951
0.810923103,0.858352934,0.879187242,0.787486455,0.777840771,0.778204449,0.776337386
0.815694256,0.86485814,0.884241837,0.78747057,0.775265177,0.775483896,0.774825355
0.820098689,0.870613711,0.889036137,0.788568722,0.774814424,0.774939785,0.775053998
0.824229359,0.875838552,0.89361262,0.790364533,0.77571813,0.775783683,0.776386572
0.82814155,0.880673926,0.898003872,0.792585613,0.777473817,0.777501489,0.778407119
0.860826628,0.885574386,0.896805006,0.713012486,0.774955451,0.779757435,0.741288181
0.907714791,0.896366029,0.890757143,0.68608305,0.716262499,0.719403892,0.694933784
0.939711866,0.910990813,0.885029896,0.655283774,0.671970674,0.674506359,0.655259542
0.961172684,0.926619087,0.880559896,0.629620237,0.636342983,0.638446263,0.62294777
0.975379744,0.941671845,0.877584746,0.609119401,0.607707932,0.609455992,0.59703408
0.984720041,0.955367224,0.876021041,0.592946029,0.584884161,0.586338754,0.576454301
0.990878371,0.967410351,0.875647087,0.580292865,0.566844625,0.568059276,0.560246636
0.99500961,0.977784693,0.876203751,0.570473473,0.552700868,0.553721105,0.547584435
0.997884115,0.986618957,0.877444901,0.562921362,0.541701609,0.542565423,0.537775089
1,0.994104003,0.879160282,0.557175555,0.533224096,0.533962724,0.530248168
0.939154118,0.992397548,0.890273019,0.731809037,0.537223484,0.527398044,0.610818676
0.881984339,0.967477529,0.904777144,0.763708651,0.661717193,0.656972421,0.697842189
0.865791081,0.945859503,0.914803706,0.796134387,0.731756941,0.728975871,0.753287945
0.863452741,0.933119897,0.920132366,0.81702158,0.77424497,0.772579825,0.787467835
0.864685051,0.926947026,0.923301864,0.830482436,0.80055433,0.79954779,0.808869002
0.866506347,0.92459411,0.925784939,0.839444584,0.817263462,0.816649644,0.822645898
0.868314959,0.924290657,0.92812681,0.845641749,0.828216262,0.827839814,0.831821014
0.870072832,0.925068544,0.930453941,0.850115244,0.835666178,0.835435366,0.838177611
0.871803253,0.926418389,0.932761287,0.853500789,0.840954306,0.840813781,0.842783634
0.873507547,0.928065618,0.935022278,0.856190133,0.844889548,0.844805759,0.846287611
0.875882995,0.932758892,0.946540585,0.766166705,0.842570852,0.847918329,0.804603508
0.885619927,0.941590645,0.961476853,0.73495411,0.776320916,0.77984448,0.751915457
0.896211845,0.95174943,0.970681607,0.698381191,0.7253788,0.728276682,0.705769275
0.904768342,0.961794996,0.977329,0.666752653,0.68325128,0.685717269,0.66698792
0.911383321,0.970854025,0.982710223,0.640292938,0.648149493,0.65026209,0.634626805
0.916612449,0.97866722,0.9872869,0.618256437,0.618907333,0.620725194,0.607670471
0.920871292,0.985283761,0.991227001,0.599917657,0.594560641,0.596132588,0.585230902
0.924403698,0.990852447,0.994615868,0.584661573,0.574298,0.575664884,0.566558212
0.927352419,0.995530444,0.997519835,0.571973286,0.557439901,0.558635855,0.551025005
0.92981098,0.999455039,1,0.561423444,0.543418384,0.54447201,0.538107054
0.927658177,1,0.988207627,0.68809339,0.539679511,0.532694363,0.59266943
0.913496177,0.992204175,0.974186656,0.717659121,0.629993535,0.626297183,0.658678662
0.90241088,0.981895128,0.970276619,0.749603915,0.687199256,0.684769357,0.706410733
0.896479549,0.973184129,0.969081826,0.772174262,0.726193048,0.724577264,0.739303463
0.893534426,0.967000166,0.968622917,0.787661052,0.752861815,0.751799764,0.761822075
0.892011125,0.962941632,0.968472986,0.79831466,0.77112319,0.770437164,0.777263588
0.891169201,0.960377555,0.968531562,0.805685762,0.783672255,0.783241597,0.787897307
0.890688129,0.958797504,0.968737353,0.810818003,0.792339062,0.792082177,0.795259777
0.890414745,0.957848218,0.969032366,0.814414871,0.798359368,0.798221373,0.800388615
0.890260446,0.957296142,0.969368499,0.816953374,0.802568173,0.802511723,0.803984679
0.893091786,0.95753723,0.968969523,0.811671749,0.805116097,0.805530178,0.803107034
0.895498283,0.958877239,0.968486175,0.811407231,0.802107516,0.802367643,0.801230902
0.896055464,0.959943093,0.968469301,0.810680133,0.80048531,0.800698388,0.799957414
0.896080454,0.960579508,0.968664618,0.810169168,0.799486642,0.799674743,0.799144984
0.895968564,0.96090954,0.968883987,0.809822161,0.798848639,0.799022062,0.798616826
0.895797983,0.961042013,0.969049241,0.809573091,0.798424771,0.798589507,0.798257597
0.89556928,0.961036363,0.969138656,0.80937605,0.79812558,0.798285635,0.797994539
0.89527526,0.960921888,0.969150488,0.809200141,0.797894151,0.798051996,0.79778051
0.894913272,0.960713446,0.969088227,0.809023941,0.797692593,0.797849781,0.797583767
0.894484264,0.96041941,0.968955364,0.808832439,0.797495281,0.797653222,0.797382781
0.908514306,0.955953203,0.940546643,0.992823461,0.808057072,0.797444251,0.885979139
0.913618291,0.944616181,0.910702231,0.997521834,0.93782586,0.934273384,0.963898721
0.909696445,0.933703156,0.908800454,1,0.982673147,0.98150778,0.991210041
0.907203995,0.92633091,0.91198062,0.998701892,0.996843946,0.99656156,0.998907541
0.906562944,0.922103699,0.914464083,0.997024714,1,1,1
0.906653062,0.9198707,0.915554331,0.995790586,0.999823441,0.999889701,0.999344085
0.906728034,0.918669442,0.915716675,0.994981291,0.998976491,0.999044703,0.998486554
0.90651902,0.917902437,0.915424572,0.994413633,0.998190858,0.99824967,0.997773282
0.906012579,0.917259953,0.914949176,0.993939102,0.997558673,0.997610973,0.997191381
0.905278949,0.916605959,0.914405895,0.993473025,0.997015631,0.997066076,0.996665423
0.888467927,0.916833025,0.919848215,0.993604337,0.996530133,0.996544905,0.996440551
0.873595394,0.914307246,0.926921737,0.992048852,0.996191007,0.99628267,0.995545621
0.869222767,0.91173982,0.929657348,0.990380127,0.994811079,0.994927814,0.993991946
0.867899014,0.910081499,0.930118778,0.989187826,0.993275816,0.993379228,0.992560844
0.867100824,0.908928167,0.929642219,0.988317903,0.992019148,0.992105132,0.991436956
0.866199074,0.907914632,0.928846401,0.987569673,0.991027398,0.991103328,0.990522226
0.865135452,0.906877449,0.927950113,0.986831645,0.990170701,0.990243718,0.989691096
0.863959561,0.905770367,0.927007468,0.986060679,0.989347649,0.989421817,0.988864994
0.862710591,0.904591084,0.926021764,0.985246574,0.988506674,0.988583418,0.988008879
0.861406149,0.90334546,0.92498757,0.984388602,0.987627023,0.987706996,0.987110648
0.878732321,0.905405176,0.925627637,0.873324225,0.98026122,0.986786581,0.933051523
0.906707398,0.91416975,0.926228913,0.835703433,0.897509682,0.901672468,0.86785205
0.925991369,0.924989855,0.923653514,0.793705772,0.836188781,0.839473066,0.813211966
0.938551121,0.935902671,0.919831728,0.759089707,0.787537847,0.790205364,0.769281188
0.94615191,0.945817019,0.915725016,0.73150065,0.748776585,0.750953195,0.734275983
0.950231652,0.954217449,0.911790928,0.709616594,0.717967875,0.719751601,0.706472804
0.951892023,0.960948257,0.908206743,0.692247277,0.693514037,0.694986004,0.684405036
0.951940112,0.966061762,0.90499981,0.678417699,0.674093629,0.675320089,0.666863619
0.950944646,0.969717225,0.902127847,0.667346107,0.658628901,0.659663435,0.652868609
0.949292795,0.972116601,0.899521996,0.658413837,0.646253408,0.647138835,0.641636803
0.925860357,0.962331377,0.87279801,0.980989212,0.655567651,0.63704867,0.791588756
0.882131065,0.932005909,0.85251485,0.981221959,0.879773583,0.873939953,0.922680705
0.855183259,0.904178178,0.865105755,0.978770609,0.951451103,0.949829009,0.96345872
0.845072602,0.886281119,0.876374242,0.972328017,0.969845172,0.969663043,0.971318863
0.842898217,0.876414695,0.881474611,0.967145059,0.970893679,0.971091275,0.96960946
0.842881367,0.871195504,0.882304953,0.96374975,0.967868432,0.968104401,0.966320926
0.842665727,0.868140251,0.881100462,0.961508557,0.964771965,0.964971091,0.963507906
0.841717024,0.865885487,0.879174829,0.959812578,0.962330638,0.962496275,0.961321888
0.840156995,0.863821584,0.877092669,0.958304167,0.960381569,0.960530061,0.959507513
0.838222104,0.861730685,0.875025445,0.956820969,0.958668804,0.958811784,0.957842268
0.846069772,0.862026186,0.874342512,0.890409639,0.95323163,0.957170339,0.924914337
0.85915982,0.866436098,0.87284359,0.876157123,0.904595475,0.906659809,0.890114518
0.866807751,0.871188807,0.867866192,0.862462936,0.876365504,0.87767708,0.867487006
0.870142503,0.87494033,0.862255127,0.853846922,0.858922464,0.859778307,0.85343621
0.870534782,0.87725411,0.857090169,0.848495196,0.84816509,0.84874243,0.844754051
0.869128105,0.878164471,0.852667108,0.8450002,0.841463545,0.841877177,0.839273056
0.866734672,0.877905593,0.848939975,0.842490263,0.837117485,0.837439918,0.835609421
0.863869632,0.876759376,0.845746038,0.84045777,0.834066926,0.834342274,0.832916773
0.860827953,0.874981976,0.842911314,0.838622318,0.831680155,0.831933606,0.830699955
0.857758444,0.872776811,0.840292274,0.836840207,0.829596348,0.829842009,0.828684437
0.819307693,0.87366729,0.861749086,0.739319758,0.822025371,0.827867939,0.780573022
0.798962372,0.869965785,0.891233314,0.700734312,0.748185591,0.752229805,0.720147715
0.80334863,0.869189991,0.904274013,0.655964818,0.688855422,0.69230536,0.665429217
0.810389399,0.872097284,0.909514227,0.616197711,0.637976509,0.641001682,0.617888861
0.815195956,0.876208556,0.911616558,0.581907958,0.594179773,0.596842933,0.576940187
0.817784203,0.879943964,0.912431965,0.552405478,0.556517329,0.558870201,0.541719932
0.818906516,0.882733224,0.912550087,0.526969733,0.524110546,0.526199445,0.511392013
0.819094515,0.884510834,0.912135594,0.504976663,0.496172219,0.498037517,0.485216916
0.818628399,0.885382897,0.911250361,0.485898762,0.472022132,0.473698347,0.46256104
0.817650919,0.885483141,0.909944236,0.469290573,0.451081633,0.452597916,0.442886641
0.826736198,0.885398383,0.896916145,0.499316114,0.435465108,0.434241528,0.447214127
0.832540681,0.886160156,0.878511874,0.503563566,0.453219996,0.452739639,0.459489835
0.829437661,0.885362806,0.8668801,0.511777921,0.465631807,0.465346964,0.470421183
0.82350671,0.882665837,0.859270084,0.518616634,0.475441139,0.475289356,0.479215777
0.817271325,0.878630743,0.853846772,0.523750915,0.483086009,0.483049964,0.485982125
0.811557149,0.87388766,0.849516424,0.527384801,0.48882599,0.488890629,0.490963641
0.806478912,0.868889258,0.84568688,0.529770131,0.492930716,0.493080423,0.494430297
0.801914501,0.86389546,0.842064292,0.531138486,0.495668169,0.495888414,0.496642637
0.797703178,0.859026391,0.838516378,0.531688364,0.497284951,0.497562776,0.497833546
0.793713744,0.854318677,0.834989411,0.531583285,0.497994882,0.498319393,0.498201183
0.784433083,0.843060552,0.804893239,0.791592102,0.513218119,0.498338876,0.623576028
0.757362975,0.818794946,0.775432286,0.816032005,0.698318396,0.692413773,0.742666012
0.735382841,0.79436715,0.773815436,0.835257905,0.778932985,0.776406669,0.798376397
0.724134347,0.775887042,0.776602834,0.840679441,0.813516414,0.812613987,0.82100988
0.719229531,0.763547786,0.777823617,0.840462434,0.826213266,0.826043448,0.828330551
0.716730455,0.755542683,0.776963405,0.83838447,0.829269957,0.829401599,0.829185409
0.714634449,0.750037408,0.774759439,0.835857189,0.828476305,0.828719221,0.827589621
0.712252754,0.745768132,0.771895233,0.833304987,0.826323321,0.826602013,0.825188474
0.709496007,0.742021423,0.768767436,0.830803211,0.823767851,0.824056336,0.822574555
0.706460955,0.738451764,0.765554103,0.828334517,0.821123866,0.821415129,0.819924021
0.696115536,0.735418066,0.767653137,0.804619964,0.817226829,0.818762767,0.807023513
0.689103166,0.732023782,0.770455663,0.798259279,0.799088558,0.799990086,0.793576931
0.686455659,0.729094723,0.768888661,0.792252888,0.788098497,0.788748694,0.784465458
0.683968321,0.726318019,0.765831272,0.787850369,0.780723418,0.781227775,0.778184447
0.680994988,0.723328688,0.762388872,0.784351584,0.775463747,0.77588644,0.773544167
0.677683901,0.720045949,0.758893327,0.781302262,0.771382919,0.771762795,0.769793946
0.674215676,0.716527354,0.755406704,0.778463243,0.76792107,0.768280361,0.766499597
0.670684784,0.712851799,0.751921827,0.775716331,0.764767374,0.765117669,0.763426506
0.667125872,0.709078512,0.7484257,0.773004689,0.761758165,0.762105656,0.760453672
0.66354746,0.705243069,0.744910372,0.770301209,0.758810743,0.75915822,0.757520438
0.672782115,0.703775192,0.741497842,0.703349474,0.752126964,0.756232938,0.723622149
0.687322574,0.70723205,0.737420417,0.682777954,0.702012932,0.704551384,0.685128209
0.694566866,0.711526022,0.731788404,0.661207822,0.667504497,0.669421132,0.65530417
0.696953295,0.714999413,0.726086372,0.644628271,0.642034855,0.643533218,0.632996602
0.696352948,0.717058711,0.720783897,0.632097967,0.623046254,0.624243295,0.616289458
0.694036191,0.717655363,0.715946149,0.622471972,0.608745276,0.609727026,0.603621992
0.690796858,0.716978976,0.711490891,0.614884009,0.597789567,0.598619659,0.593822075
0.687098036,0.715289054,0.707304073,0.608714389,0.589193353,0.58991766,0.586035946
0.683190957,0.712834011,0.703285612,0.603526767,0.582246543,0.582897957,0.579653421
0.67920209,0.709821659,0.699361416,0.59901742,0.576446189,0.577047707,0.574244554
0.666238321,0.69952768,0.679660524,0.788233811,0.582741003,0.57200726,0.662688955
0.641538359,0.678063473,0.662414775,0.792177541,0.714539199,0.71102729,0.741456167
0.624372924,0.658284165,0.664549498,0.793752992,0.760459519,0.759451408,0.768990002
0.616120671,0.644229037,0.667228665,0.790192268,0.773827076,0.7737961,0.775204541
0.612243505,0.634985843,0.667135371,0.785901093,0.774907027,0.775202335,0.773912982
0.609591644,0.628657896,0.6648866,0.782055738,0.77213019,0.772505821,0.770568033
0.606837359,0.623763715,0.661536525,0.778698904,0.768550583,0.768931,0.766972912
0.603667508,0.619445467,0.657763811,0.775632968,0.765037008,0.765407715,0.763546563
0.600147029,0.615297153,0.653881898,0.772692805,0.761709583,0.762073604,0.760285529
0.596410531,0.611161396,0.6499963,0.769787329,0.75850369,0.758865661,0.757111081
0.597512586,0.611866036,0.653242995,0.663181727,0.749283623,0.75571051,0.703966214
0.604142901,0.617954987,0.660113829,0.626094053,0.669245248,0.673430079,0.640590544
0.609650145,0.624120116,0.661967698,0.584737941,0.609586801,0.612947853,0.587209334
0.613021816,0.62957014,0.661173044,0.550163557,0.561793351,0.564583599,0.543797992
0.614335346,0.633824977,0.658984789,0.522032784,0.523156608,0.525496485,0.508622915
0.614008572,0.636702972,0.656062395,0.499130587,0.491837637,0.493818657,0.480065529
0.612484325,0.638226099,0.652737341,0.480378779,0.466354866,0.468051098,0.456777073
0.610123455,0.638528087,0.649169837,0.464903137,0.445503433,0.446974864,0.437662182
0.607187419,0.637786824,0.645435528,0.452007753,0.428313047,0.429607553,0.42184211
0.603854182,0.636184171,0.641572235,0.441141729,0.414009003,0.415164739,0.408617415
0.602194378,0.629063687,0.613918212,0.633627073,0.413775294,0.403023986,0.494712055
0.589823572,0.613208765,0.582075237,0.656232835,0.54950543,0.545045502,0.584136715
0.574223845,0.595914219,0.573605979,0.676188457,0.61374451,0.611690255,0.630607083
0.562414006,0.58064109,0.572358235,0.683594099,0.644460932,0.643688926,0.651870121
0.554618023,0.568373826,0.572188908,0.684534123,0.657272241,0.65716788,0.659775992
0.549419187,0.558855223,0.571136288,0.682586451,0.660922598,0.661145402,0.66103628
0.545488632,0.551393825,0.568923206,0.679522409,0.660193093,0.660563897,0.659237306
0.541979134,0.54528834,0.565811313,0.676134679,0.657554767,0.657985381,0.6561782
0.538465849,0.539989415,0.562135968,0.672729022,0.65419637,0.654647185,0.652690408
0.534790503,0.535124532,0.558154941,0.669391425,0.650636886,0.651092318,0.649115716
0.52651307,0.53204856,0.558631307,0.6371056,0.645372971,0.647525196,0.631576656
0.519158402,0.529642697,0.560582737,0.628158463,0.620812773,0.622126715,0.613219666
0.514932312,0.526822463,0.55876863,0.619253446,0.605360937,0.606349864,0.600202872
0.511359201,0.523718448,0.555261448,0.61254313,0.594589963,0.595383434,0.590904084
0.507653185,0.520285866,0.551073854,0.607292985,0.586728363,0.587400893,0.583958986
0.503676056,0.516512788,0.546669801,0.602916407,0.580669774,0.581269553,0.578458819
0.499486885,0.512438559,0.542233551,0.59904103,0.575699783,0.576257545,0.57381901
0.49517257,0.508127008,0.537821352,0.595442267,0.571366851,0.571901517,0.56967546
0.490796725,0.503643639,0.533437664,0.591989827,0.56739427,0.567917239,0.565807853
0.486395511,0.499042447,0.529071821,0.588610258,0.5636179,0.564135803,0.562087568
